Y,X
4.30368501679241,0.860428227534951
0.0169872354709102,-0.6966493492563578
-1.05798452929255,-0.502100755764502
0.444472967517699,-0.894351090280573
6.837854595409301,1.60121538140708
0.0570127144073798,-0.838252407319143
5.78189945223742,0.975765094607528
0.42383977607605194,0.14044939692059902
0.7455247732723109,-0.376628432092549
0.0651061968996715,-0.5621269487326012
1.4060012447152201,-0.96898157549406
5.68396502149139,0.680005492019005
5.4032945514429995,0.7752001404430491
-0.376507896823911,-0.135673539686918
0.8159745833614309,-1.7570509105328602
0.149468316452611,-0.6375434985702161
-0.549189517211549,-1.26063329032856
7.27710024769835,1.59332745287774
0.306775344335731,0.19952669788328398
-0.710268663730402,-0.23954085669379202
5.52188449316995,0.566604498180317
-0.34710239781763697,-0.0786418223449512
-0.8644248754523249,-0.425443009439488
10.4312198822297,2.5175156468989
-0.980155728048147,-0.456208977915146
5.44168659545581,0.697750313304088
0.17983323910569998,-0.955813160044381
0.34158290173449896,0.37984890723608794
-0.325474150806881,-0.34805386035837205
-0.709619798253073,-0.22740541727361605
0.6204781827298239,-0.046353879949848
0.527711242097988,-0.0626754560452744
6.21220851291628,0.9098689779358821
0.42998009697652007,-0.103179696901071
-0.133937432583158,-0.774717401221942
-0.48142167719650797,-1.42492695914751
-0.20768368147616398,-0.967564343744063
4.12165370691958,0.626573392588267
-0.6498035458849761,-0.0549033398800665
9.35078908563274,1.83077210298553
0.7813236313043779,-0.6765726109479971
0.8603774789532141,-0.39146019205750004
0.973885036762778,0.154549354932737
4.4111943380149405,0.6450295084092309
0.5646010661518829,-0.489596520572751
5.5444483069222,1.00388732222012
0.7266738674140699,0.240047370745239
-0.0221013669797347,-0.0250625249053534
0.6119090131518671,-0.00838740037735593
-0.868227489487716,-0.674162909578187
-0.6361633438852919,0.416182117414062
2.09498007442072,-2.53300931833164
5.61104688641192,1.2012773527774498
0.27702764043335604,-0.45795954291488594
5.60918576024034,1.44235456512301
0.9432515555340591,-0.0796324318381617
-0.0054424591373917796,-1.5913924775211599
-0.309019670054388,-1.24223327272307
-0.24581783913768002,0.22408930771568897
-1.48403582100816,0.0310085271248026
1.23892282030047,0.302524993855815
5.64010713362526,0.909839151228625
7.67073906578187,1.6048710572039802
1.1553447519301299,-1.2695790500077702
5.01765915653473,0.956734599632387
-0.557156656435173,-0.185755282366761
-0.7138101215335071,-0.582519526677435
5.06287799102123,0.505369283646191
10.181127101131699,2.1937556250675203
-0.15400991498946398,-0.5510219639363211
5.559167523458589,0.86539133562666
-0.137954816543599,-0.21414966273839
3.60305934333373,0.649616182433725
11.2914558236967,2.83654403118667
-0.48849123147032997,0.167049684350071
5.134661106811519,0.5266713249819489
1.1506296167209398,-0.565703446850479
-0.20207786027641103,-0.8616375477626871
-0.350924313191247,-1.40949209821255
5.64179657247193,0.9820183525767628
1.64387693053239,-2.03078035376797
1.16495660273162,-1.46818696992069
4.71763367216215,0.9566568332634549
4.38309339304645,0.6283892250071179
5.611418178055331,0.813874389954301
-0.8246973493032449,-1.69876800226358
0.350651112750045,-0.853173112389649
-0.7901301781150809,-1.50754708190705
0.31756034954098905,0.45625934043865995
0.39885545019259705,-1.4942072633438999
-0.19941265345271397,-0.153881102206972
0.650244288859049,-0.23129453827965601
0.775597771083928,-1.20874700978382
0.374661326840841,-0.454898866800752
0.0074064996576847,0.222500067450387
6.010227177051231,0.9056676801680942
5.6753746487718795,0.916901661979076
3.1644791390779603,0.5655808964445991
0.274974148570595,0.4379064582458279
5.95724777935479,0.602732548755171
4.93231426311954,0.664907941013996
4.65273868415083,0.928708371884965
1.49717025600544,-0.144067701167138
0.22670872755552102,0.0648921460210582
0.519490418308335,-0.8573656630070391
-1.3911328045178402,-1.1955060500688799
-0.146247361382906,-0.42057646925453795
4.86381820282246,0.9059591381137251
-0.839907183585818,-0.5663573542796939
-0.8752174299952091,-0.9412566085264529
0.15729501865399698,-1.04259074535253
3.8898782382390698,0.8885658257408321
0.0786593583380604,0.085051646689486
4.17758307569505,0.5782305852485911
-0.8715346025437909,-0.0473738973286927
1.07781320550283,0.385249763862039
0.214864214142472,0.26772749816061
-0.247913572820187,-0.34947212171601505
0.3534681801136,-0.26670754660670803
-0.178157041235958,0.17075566183507598
5.11670832142679,1.07812162978266
0.649215160825985,-1.16279210287358
5.4007570796555,0.810235220861095
-0.35968389277500706,-1.40048866697225
-0.9945073516629709,-0.5602196257764971
5.10973446088059,0.9690422955543129
5.46883118537809,0.65277248748775
0.0800313335127373,-0.598144633673371
-0.8828451360505251,0.34160855882995
0.254760573441553,-1.33811941665397
5.22499976570181,0.689275441919723
-0.35105606116848403,-0.8203819360691601
-0.231698163331751,-0.0786761008558861
0.610278946318875,-0.212854714420618
4.6150439783879404,0.5108074038696699
0.7894582104710591,-0.0703875501981485
-0.419723185461692,-0.657410601009614
5.46690997532064,1.1091362550833601
-0.299816264364974,-0.12536562975333598
-0.47009795303578295,-0.98336706849614
0.8088680006456679,-0.0108751843605637
1.28259957368211,-0.00565290276492595
0.9381038617665759,0.11242135211744599
1.7510500450521398,0.37761598621189796
-0.196358816149651,-0.8964340559022009
5.888183348915531,1.09881828340171
6.06937086479989,0.855913356406189
7.69474811562194,1.6768068312428999
-0.182686407547424,0.17576459007269
1.7867953982392202,-1.64885667529722
-0.665524262623831,0.0555496335151559
0.40747356544328006,0.305328810056076
-0.19089028072178602,-0.41273035251878903
4.246807882575,0.65370348883047
1.6922378985485802,0.149956984495076
-0.496837281569665,-1.1240281067628999
0.372659118923523,-0.10740243044352
1.0003959511536702,-0.0135089004050208
0.229094241820204,-0.0450729179317731
0.383155429511562,-1.07025410534901
5.54501262846062,0.9622036219944058
1.0696790302736,-0.279196655627644
0.569676882644958,-0.107523638060269
0.546449179761859,0.380038551151924
-0.19212875774580396,-0.17127324296261903
0.9063457240003191,0.34334016925863503
6.91966711783451,1.21236458800116
4.3061194170761095,0.9105469171059158
-0.73120632187543,-0.0933412166842987
0.37113978265808595,-0.24184276729417398
-0.688882337496782,-0.21750224169542498
1.30234365673493,0.232344584159903
10.3824929245994,2.40563161593677
1.3456427782119298,0.0349324683113788
5.95647611936249,1.0600887327358102
-0.4282296768712489,-0.11050790559656098
0.7129343515340529,-0.900992118055635
-0.0631656648411548,-0.14660634025222596
0.573860153444297,0.158225026524905
1.5943631320120701,-0.162733445177016
0.680547059455997,-0.542126743755055
0.0316968828655484,-1.3550544720278401
-0.630439664347706,-0.7469625122974041
-0.34785911626518196,-0.37565514419835905
8.18798108283413,1.5726652449558503
-0.187408886685459,0.0171469294302904
-0.0177741139597003,-1.44553339458145
0.398968371178447,-0.83795052066813
-0.0443736890150729,0.343607095748926
-0.198241356819547,-0.41512306253712794
3.82875911179435,0.531860901255301
5.5621629091567,1.071837242262
5.72892318091446,1.25588402559985
0.136816209895921,-0.89984399566452
-1.2074326851713602,0.327496002449162
0.5855588856947579,0.388043478406846
-0.25768983494363396,-0.638904425428473
-0.0978208518025122,-0.17944853714205203
0.289709386937861,-1.2005337056833
-0.0259673586800937,-0.24954099627013898
-0.763669532430879,0.253774689859786
0.204498691471067,-0.43416347048166604
4.0298011349028995,1.12627243749009
-0.44542854223497896,-0.9619366509491999
0.8950048286374591,-1.30604764395904
5.63668982226071,0.6968747394923709
-0.52456690060336,-0.47777668590683
6.63366251449471,1.5557870203106001
0.76111669462327,-0.663376790158551
-0.5648982931318289,-0.11193604002707001
-0.117420549456497,0.158676897443255
-0.512458550694036,-0.0615669853610585
-0.13788817002148598,-0.9646256667311149
4.78451214340895,0.7527647049055121
3.83653168101021,0.5945011459019399
-1.58459035200465,-0.631095073286542
8.487917632156709,2.05823333156086
4.71242850940864,0.567431577359266
6.26482742282369,0.957685930628912
-0.606112129426687,-0.0840404008473377
2.7436311761589502,-2.34680842969036
1.1858799959427802,-0.12086916933589699
-0.0669735641096911,0.06444340265720999
1.49215798317474,0.47567555319147603
-0.888265517920514,-0.337388432022085
0.619946435434503,0.24512498299608
-0.15550021523509802,-0.0033995260204445397
0.0961457584272424,-0.8460308108041279
-0.550315554114501,0.0154737340008858
6.4936786967802504,1.4788644053173998
0.456300113331897,0.43303631496653006
0.972172590064328,-0.551183087734673
4.61525482147039,0.8246040036962929
7.710383002279191,1.56986773197559
0.9571160525838959,-1.5973922200197301
5.07683742392349,1.00049987097878
1.06880426545599,0.285522496877209
5.995212950394571,1.23799690475389
3.81047958613788,0.665257500296604
-0.9127564247454759,-0.62372648872918
1.4534179391338602,-0.45269093499423707
-0.761163259892435,-0.7655713668680879
-0.6110428287713872,0.24218804502071803
0.450920930475815,-0.6300986034811761
-0.31556502650066404,-0.222607378543082
2.09335939743799,0.26916401275501395
-0.164865163711148,0.21363048540812898
8.79367806068185,1.8147052617523998
5.5994984742527,0.8398123332904641
0.12113982202809699,-0.29988709265492997
7.760251902757091,1.65722328365053
5.78570814408978,0.962051891497334
7.15081654674519,1.68260721179796
-0.5779090109532851,-0.748618393331708
1.09320396193764,-0.25267851499195604
-0.7607837917493879,-0.505621325423927
4.25701837072093,0.5024200918685621
-0.10508746829350199,0.364585910732933
-0.8324081631637791,-0.234117510728233
0.174059924183457,-0.0294609787576841
1.5404811231072102,0.353615108065826
-0.0686893364146157,-0.55135855324152
6.524068373588389,1.2763315664178898
4.32313532907621,0.6343657248119079
0.46079652831317297,-1.4292410208538502
1.0975631059987199,0.46823180741366
1.21821023899832,-1.67671375844017
0.7529664203379209,-0.498667368420193
-0.536671485019683,-0.358973905333419
1.23554475460126,-0.35997355625431604
-1.02642469913819,-0.6143829916834119
4.8771576514808395,0.853927065349938
-0.505294704972767,-0.20180302033087802
0.881461277188272,0.45738823841881604
7.83560282362492,1.30169154870927
0.9764376766660949,0.044882790085419996
1.7624051680333603,0.40679239812599705
0.39301218626782497,0.498306645983432
5.8527864476325,1.141937093027
5.59551126933698,1.36548731413607
-0.311816160152981,-0.9975110597678821
1.23792841835463,-0.725780536502887
1.06329099741525,0.259240058842557
-0.6698632134478729,-0.367835067174616
0.24663299167025898,-0.364683393155693
7.571726030789889,1.1624827682355
-0.14405602434084,-0.836856666384048
-1.39963371694204,-0.21314451927836298
0.134216752021496,0.19443931129936104
0.43019853081575105,-1.44196292023232
3.49318494834025,0.550814715718092
4.54517984774861,0.599299163099509
-0.46745073921364,0.16516901970992098
0.8392379018851229,0.250967833630013
1.56237059120227,0.0652861743522448
8.91571188863626,2.34625479069032
-0.659619005694394,-1.3771512764526002
1.5234343730678899,0.262194846999848
0.694882191043916,0.11879502259051901
0.149426382322604,-1.3428740456350499
4.67625093569799,0.5454628678696479
9.58296075818152,2.4233682419094102
6.895589387660269,1.2798648603788
0.184672140733167,0.25549020145448104
-0.39595618825267004,-0.8746800954918671
0.9190384486485909,0.381711161646161
5.30240908036862,1.32507208519962
-0.581738430122095,-0.136631220032256
-2.1660380033818605,-0.550966256319411
-0.642927083059687,-0.7276823034801221
6.37474367536363,1.5770671734764201
0.5663447836463741,-1.26835020129325
5.47944969799523,0.693584846924798
-0.5629508944818941,-0.60310703107437
4.75479332455425,0.763032596800563
-0.707899639284103,-0.706961366172475
7.27480919793518,1.3624299284439798
0.688313616564167,0.108342664926931
-1.09538848487911,-0.949120933763503
0.625500978509873,-0.8621461440997671
0.34003912556217103,-0.504837552160103
5.67404581357862,1.11952207922968
-0.6149165752208979,-0.931999025969062
0.48909359580947104,-0.247928111779995
0.117949254504517,-0.425208762017917
0.801496817279669,-0.92754162319005
11.085250638076198,2.37103181292648
0.7204367722944971,-0.9918504167595391
0.773720549474266,0.374414637792509
-1.4607832701016,-1.14196327004069
-0.46352089921203904,-0.0527241613971009
-1.38374532347151,-1.21700913362187
-1.91355897334021,-0.624257320941504
-0.243080683841552,-0.0270863439053864
1.8596666991878998,0.351349699136805
0.804489041037868,0.294435926550634
0.0872856519308746,-0.0626208625524752
0.571778642930758,0.311203665918297
1.53111470217434,0.19899547718000798
5.5195819193733895,0.875398564501589
-0.5317817915807729,-1.00623925980068
-0.541892721814315,-1.10184705572578
3.50898121500684,0.533921584965806
-0.0778425598562944,-1.8550186816309602
-0.0210229780193736,0.48504043883944703
-0.749917089572009,0.17943493449492498
-1.7793904441793302,-0.28294368432226596
7.00121603490599,1.0877853489702298
-0.159625027398178,-0.886784733345553
0.456084195983818,-0.686947169724915
6.5437433927326,0.8729256293084209
-0.383429259283495,-0.0451371159133086
-0.0330739008297645,-0.754211212817517
6.17956271760164,1.4239609046903898
0.613303231781239,-0.414616107124469
-0.37686529762292104,-0.11402279124744401
-1.88874824610957,-0.488123471807698
7.40869648796072,1.4059861974013799
4.5825520387381795,0.637088235070413
0.124788956983587,-0.41729109822475896
0.9734106556795329,0.40515469419176503
1.47904565432127,-1.08603270924436
10.1171111588781,2.3343963587673
-0.28836390299484005,-0.82922650067691
0.8551078727270172,-0.16598462514421802
1.1039942616733702,0.321358971621002
0.494666177523505,-0.23538218876171105
7.352895525274071,1.89653987190927
11.00864755431,2.5253021714149
-0.33204071937714,-0.45794432661611206
6.27177865302508,0.94922168850691
-0.0500841590519509,-1.49933101318081
-0.28038374842065,-0.0238163533019819
0.6663916240229151,-0.274382104390094
7.667560436044989,1.65219527348625
-0.490933674414216,-0.419837047661758
0.5313496641530729,-1.01593272281983
1.0753659599876402,-0.220928438420108
0.0018530375609571198,-0.37603018662679205
6.0183519634047995,1.0464981157308801
0.12240407822750698,-1.50368984992788
0.0418842718488039,-0.107272250754686
-0.86359099411425,-0.774642066442121
-0.43864041012115595,-0.31271556464895894
0.858529365937252,-0.8264573141026309
5.46463790808674,1.05713894895704
-1.3034593853282601,-0.3168525956095539
-0.506044937002433,-1.3473420376999599
-0.767332022405107,-0.25318922684404804
1.31197112896764,0.364412853890373
5.5530030700421396,0.614797633143453
4.92905224022617,0.7439258447116229
5.0516591868535095,0.5204510534600679
5.19045415299477,0.7941412969954151
6.09495562408874,0.954219477306057
0.681065666803522,-0.17283157448671804
1.09132167905576,0.38045966890572896
5.11816355513774,1.26539568210792
0.245973504172138,0.448760225604842
4.64560720121115,1.11720666712299
-0.6798771166657671,-0.290456395242546
1.554699637858,0.185355006949066
1.3991010644433,-2.15320420496253
0.260280610637793,0.427973195975158
4.84757535924869,0.822022002684364
0.404574561531457,-0.19922951080862
0.114459340583205,0.444332614075088
0.300130813324909,0.178133574075227
0.209841046507904,-0.6473175103844511
0.405854409705851,-1.1936095812587
0.509588411900443,-1.35050195777406
0.652443746849761,-0.510740062506127
1.2872988724214098,-1.64323787967805
-0.20283753015872003,-0.965700002761975
-0.284316843806094,-0.39360958869411106
-0.0283482000647141,-0.799796059437412
0.41938829074210904,0.036375414415407994
1.3080039524726201,0.259530937251435
0.513569938060302,-0.19105983079369102
0.36840843069561496,-1.12616939680104
-0.0510533407087931,-0.787823423906468
1.55134072708525,-0.747620448526455
2.0876523726458798,0.435624762829408
1.6306143648052702,0.155890264829292
3.9676358930462796,0.5611550438902521
4.0553949511097995,-2.59865154925708
7.3214513896824505,1.6516483733016598
-0.16888211048443103,-1.16809185979778
-0.682612111247223,0.0395367722435784
3.9547941040800696,0.6264544101129449
-1.02455167893663,0.0710717294977026
0.555883483270139,-0.558431613216365
1.11305679617384,-0.0540997106592174
6.880655730260191,1.76610817796047
0.192314315447609,-0.679106333075755
-0.478332068850254,-0.921363345342868
-0.35364651634054495,-0.7926827928275071
1.54583729665615,-1.0979868005393398
4.72096552459978,1.31284419772155
0.8816290004359529,0.283371822621241
-0.919398507464962,-0.41091537468742895
-0.929320724743315,-0.19876568915107298
-0.46706877638555794,-0.7977096868068639
5.52269682498829,1.2660772697804898
0.7166287294854219,-0.726145274311491
1.09030327466151,0.48751962324398707
-0.6932757990442989,-0.279509368099097
7.13279351382086,1.6151795978352
-0.0397087497405153,-0.00556712650238584
4.84190679868721,0.681633114730856
0.8175185960968059,0.166190820487971
-0.453587262920608,-1.7337380835970402
-0.285423788696523,0.39701089381413707
4.85565258219483,0.889118251461138
5.134522980280701,1.5879876564945201
4.48436398360514,0.556448230847392
0.16446273923775304,0.270071442113334
-0.377127100707141,-0.666352130603971
1.5651218319072602,0.0295672846653013
1.28213468714846,0.22507007933180898
0.541983792289264,-1.27569507223553
0.6852462760682041,0.484068567410805
-0.86081529005291,-0.29215008252321
1.16637058258193,-1.54780026814106
4.38064464035191,0.570700630259989
0.308969561703891,-2.08203270094341
5.781313959513401,1.00316959281394
7.93703312512102,1.5392932698972
5.31423867073042,0.8773955659471941
0.150698747788267,-1.7280197536421897
7.254785854723919,1.3713906343126399
-2.12779108999662,-1.19966157021347
0.0546413534377233,0.0442485862705533
4.9241210435574,0.743946431877555
-0.6797666589652122,0.370143222104114
0.436480722147193,-0.88769858769586
1.64846307281416,-0.342456051126348
1.2208911549680501,-0.794198755972251
0.382672348408572,-1.11925406988521
7.00749762854825,1.0690642372483599
-1.4616341976626501,-1.08999234489657
6.75159307305336,1.50376017489543
0.466416943232153,-1.13065368102478
4.2812686472703705,1.2039752427063202
5.91555933276129,1.11874744384899
4.16767723589613,0.7456782831454379
0.518284080897441,-1.79738201857254
0.332116525591328,0.137876651599199
0.3418762215028369,-0.5343380437284829
0.838359005955315,-0.578968918984669
0.33120242582261894,-0.10458611071579199
7.53710086874415,1.77686321368272
6.86734407116021,1.64990757051911
1.0432730078193,0.0158547707785499
-0.556579358208408,-0.148814202417404
7.01343153159793,0.7914612660725991
0.787078208593342,-0.991034841005869
1.26988482845071,-2.0426803971209
0.8843822243212479,0.45201052602565295
1.25962591888757,0.134334141944951
0.073772512231132,-0.347463205664073
5.21737610605816,0.55495469838677
5.56273632527107,1.09464179426916
-1.4150934929423502,-0.8565505653586709
5.88757313189626,0.7956866484716519
0.0112030062133199,-0.816195809871873
1.03734332861996,-0.8502013360567571
6.79515132507056,0.969277036205943
-0.850262852775024,-0.67624633540199
-0.22277847814224302,-0.3070002549446
0.990646362889505,0.0122977109730744
0.298135028158758,-1.61944947439673
2.13308592133487,-2.36729396467808
2.4446738971610698,-2.2406523126652798
7.69513759952141,1.4770298873061698
0.40490030043782005,-0.985423511108557
0.0461269573781045,-1.46825910137459
-0.30560812978698304,-0.322953026350147
0.6408234941222021,-0.37057690660742
0.338031822457627,-0.5833955027464289
0.8396915754707008,0.43473086344348105
-0.9593099494288091,0.288980887554472
-1.39205963913751,-0.274664330733053
1.02863999192011,0.449143726920343
3.3734087470049,0.605542110962874
0.509272662460582,0.42919359317792793
0.5517517322443349,-1.54217239197298
4.635209002218231,0.5830621588521729
-1.16284765819081,-0.954247120355638
1.08189840145827,0.216754862863576
-1.17173309671231,-0.581644634748717
-0.8291146439258431,-0.4781128993666551
5.8765046507276795,0.7193289907884599
0.809359783186264,0.0781664731126386
0.536753240441589,0.0302751615279235
6.84409395491837,1.45719849168068
1.3586491264718898,0.33038001858613
-0.0238712914785811,-1.03349998447577
0.45830620128987,-0.6798092146048571
0.26576618551244,-0.406935409868275
1.0343676800152901,-1.6787547763712098
0.47458116143049894,0.34343258224337603
0.376324743587389,-0.3935426678656129
4.48884088352364,0.642212928021225
0.0854125422334756,-0.5747454643014019
3.89433499347835,0.534190892449805
5.6689122739633095,1.5460758036733502
0.422747173563506,-0.40451983075699605
-0.940328476842848,-0.15120046874804902
-0.571016732932337,-1.0962207498980001
0.28783770177155604,0.331961547802919
0.459200132263206,-0.48566506617242605
6.14997609685987,0.9287591923585581
-0.0870363831514465,0.34416924287660494
0.416178252623716,0.287362275214425
0.494993143221921,-1.50293866807398
4.9153429266986395,0.94021435686551
1.4685334072476297,-1.91840282601623
6.8038168402514305,1.42856815755382
0.265678826029902,-0.715839235884119
-0.9023259059572459,-0.499194803614926
6.93485794427683,1.11768370661503
6.55253148738572,1.36747109611428
0.46774955163035997,0.10670427186120099
1.25275670767981,0.319107873600038
0.942255294418248,-0.23828725653696303
7.54095992162781,1.0950338754131501
0.183633909046133,0.13136657999687
0.6120142005610699,-0.24122311718515302
4.61494747997715,0.640871905259536
-0.21160439471945997,0.4190044447404529
0.8291514179577859,0.48503417532448606
0.241543087778504,0.0283482069368404
1.92319823279679,-0.6011542264600171
0.6216391689202421,-0.191199501243049
0.171322134795514,-0.20389305667651803
6.64424108751017,1.20024916196892
-0.671461805784021,-1.28124663010116
-0.790411441443392,-0.0764867483287394
-0.0564398020455098,0.42416496481404997
-0.184164979489694,-1.13435200576579
-1.1953744551991101,-0.070912856468078
-0.244516958290638,-0.167633778529697
-1.00360102784368,-0.114481975717289
1.15964221854819,-0.5833566779728461
12.0647698406724,2.63273096390733
0.212541833022928,-0.34436531241927104
0.477885628277353,-1.2181183775078401
-0.233193008796019,-0.9374042330191199
5.00209950366724,0.8184784703992001
6.74607022666764,1.20179621920529
6.393732019204889,0.893546761259609
5.33992355394225,0.914562943420487
5.1538171786541795,0.833748488862469
-0.43903020663950804,-0.901371651900468
1.64622829185723,-2.1942810576467697
5.20665082508837,1.20573080728338
2.2590138166424,-2.83958305795995
0.932890512297694,-1.20996867933777
0.127751582047727,0.498214067112928
0.46122089343035705,-0.38160855279518
1.07345423881322,0.20440892632222102
4.851779837219389,0.740470930063466
10.8840438707341,2.2136078986814196
0.321753984289104,-0.207754653961964
0.796018500147843,-0.20114841104967396
1.8828716508214598,0.103023808729761
1.5369351693307098,0.20397686396744003
2.04266113705935,-0.0289172016963084
-0.181310193440632,-1.24024761099425
-0.499962536095526,-1.59130263033234
0.048550725881210996,-0.6449928147178821
0.34987615878534695,-0.0907893966971832
-0.0966299635833525,-0.727605230779301
6.6053051659410595,1.2619897631586499
4.06621631400367,0.5859913931624139
8.91337082395409,2.01891890877038
0.45168410193163,-1.2805241158232499
6.02963216960879,1.19464481725511
0.6798234776727711,0.168757965799749
-0.0843613406883643,-1.4167674832308301
0.580875347042231,0.16643681589835999
1.08326146793576,0.298859457791538
7.64944317583859,1.6558479890366202
0.0816347660790022,0.17343574945367002
-0.182787428549992,-0.657281111612602
6.683883047088241,1.5228577016394698
5.418370535380699,1.1031092105948799
-0.162768715689135,-0.12346423369773599
5.903543683028199,1.00153984361657
-1.14303638617511,-0.7019232241094521
4.96592174395123,0.953327124431763
4.019757771761189,0.7772100512557351
0.7109081525901,0.0261562110540559
-0.445664152261577,-0.639713806034331
3.90102383924735,0.637622541736316
0.7918345747456229,-0.335796482492529
0.568441000631506,0.119983156644504
7.511483825453,1.5831898584809398
1.19629882785957,0.420849372949354
1.64940632485876,0.4117833954749
0.118097491729789,-1.0103516864261401
4.8601229038007805,0.545608304130959
3.48619497490633,0.515904535916232
5.17052856092791,0.600278914061401
4.54419488678655,0.776412691732506
5.95850189263183,0.976810170181916
1.2232662892477,-0.666665120222922
5.21228000310484,0.755425843047959
0.204448565598999,-1.5463411877706599
0.806957887594925,-0.763255709129554
9.435245467795141,2.0636947022518997
5.185764727689491,1.11554601572163
4.52962342207065,0.566493971929152
4.80102977457595,0.508599731731938
-0.264227522317813,-0.128673236930343
1.18336252203509,-1.92391279962015
3.83535589352502,0.55229232593856
0.28523252334230104,-0.502908160730309
-0.5473803252758329,-1.66036565205299
0.442793621287539,0.00695541728918629
0.654697828235245,-0.0804621884613047
-0.30925477118220596,-1.61688219148866
0.876228741566097,0.404605409866001
5.724760995990009,1.01373701761622
3.74183362139571,1.13793479807976
0.6478619411413211,-0.44454126361282403
0.170241264938922,-1.4792192549189698
0.266199622499449,0.49135899434880703
-0.8551159549143921,0.0480239630852149
4.503803395988481,0.556328317528897
4.4329645643878095,0.7880181947323409
0.15498268256410197,0.030395572685375
1.12195023264194,0.156753621334104
-0.735237450507372,-1.25042456768426
1.06743554462406,-0.51637664263657
2.16383020179618,0.276719618899334
1.13553369145945,0.18153538459793803
4.63838722025379,0.7877391508282809
6.53685283864614,1.08759211905159
0.496345425834848,-1.4037033893051898
10.8175302618073,2.38780596207415
0.39924073053419107,-0.5054227945645979
5.879618554052111,1.32424233323893
1.01645961792778,0.34121509569602004
-0.308685618006683,0.11174970389872302
6.2554473241417,1.01399437830064
0.57219319125658,0.18955435827538003
5.19741516379959,0.901677053738767
6.77495019750396,1.26220134795128
4.34882898830932,0.6396139108322622
-0.124569697842018,-0.309903553373888
0.7234623765998621,-1.7137195490392398
0.483892428790949,0.348606586835029
-0.6096572026774589,-0.43486570398638397
-1.01286198351252,-1.26703330395728
5.904134989153099,1.2925123364171398
0.49699879105383,-0.588694915358714
0.9990482783313821,-0.83915561668796
0.583316502156924,-1.04566465255039
5.47572427622668,0.832525055386457
-0.252351944939,0.10883029336299199
-0.31810851700006604,-1.6597763192438
2.53048372922102,-1.9752373318646002
-1.3815217764674699,-0.34799066568669296
-0.694187421591119,-1.1292413348173
9.13823157668731,2.36763708696012
0.43298781569246597,-0.36954047812079793
1.60637080115526,0.395615245321771
0.8244227165241159,-0.0161853112868806
-0.0122322181045173,-0.252649415180976
5.22846837856711,0.80738498593316
0.64582312602785,-0.36064822154322707
0.40355142697079494,-0.41891817910748297
4.38960624877677,0.6682451050226199
0.296095550391772,0.47980465821070395
-0.556524781383814,-1.3152083290312
-0.296763789031411,-0.00893668804207319
1.6368760666941398,-2.39705236059324
4.38820365775571,0.6350301468199361
-1.31853193740708,-1.77036451260874
6.21734240759695,1.3487161748367
0.869772104915894,-0.28170504851059697
0.244314370201982,0.428116983642447
-0.747665409453495,-0.0633607524971657
7.94328722671502,1.5070421277541999
-0.52585814685924,0.23831371340334098
-0.193554939309768,-0.522402410953268
5.4315071900769505,1.15213119070343
1.5345987096481202,0.4327634327914961
0.592995708120557,0.0288400696666478
-0.040886772217929,-1.62262104168194
1.16361107244404,-1.5950659677334398
5.3485459668435,1.07403842006881
0.662543441703886,-0.466371563715196
6.9584711321339,1.59603624897591
6.12187334129964,1.6243141924888402
0.886477446127837,0.24098011985603301
3.63921249996383,0.612387948512648
-0.438388224731987,-0.7159482777981071
1.4597250437959999,0.424417801184591
-0.775887636497077,-1.50414878944003
-0.9186274958101679,-1.54166457300176
-0.336719737301166,-0.3171787550354
0.333809768810849,-1.8056804204635102
-0.759323844473663,0.268068472741368
0.7613337749066159,0.270881884281037
0.874872524475558,-0.9996368160059109
0.823022726748506,0.3744263498390061
-0.267911208786112,-0.8018558865406551
-0.0367545579185238,-1.00054015936977
1.3860715361112401,-1.87409706273097
0.7877120886984591,0.325271913944566
7.09592689281195,1.32739583591199
1.15128848124851,-2.44305799054343
0.7382731173346079,-1.07539854536481
0.660788635874523,0.170221113210569
-0.461268866481961,-0.0682761126669976
0.5465779694501149,-1.73347942753398
0.718222741965269,-0.19686019582621697
-1.27985435900108,-0.619613410724234
8.20157934833328,1.7264648095483601
4.406389017462981,0.868318550665581
5.23596937787816,0.9196406334710809
1.03129419400793,-1.45937434748203
0.0728470165443281,-0.8432863328186031
4.8675715706281695,0.820187414078785
5.77380964764805,0.7446170466609159
1.3681898134260901,0.448278789964561
7.516772163601531,1.9709009697242401
0.3893812515004121,-0.25161754341193
2.0527661706908202,-2.4760416363138704
0.730538116953276,-0.108404506569953
5.31138373592768,1.08048689758231
6.76774367132581,1.33184121305858
5.1568921839582,1.0192267783742601
1.5929428648790203,0.36779814348228296
0.9234771017113,-0.9397240273598191
6.74994927767939,1.24779392896803
5.37649068049542,0.628481621486531
1.3567892783525801,0.451194570070654
4.01018956197407,0.752212460569744
3.7604785561286604,0.751725246452049
0.677817011824992,0.30169784200708
-1.14719601253614,-1.23918903148505
2.26385205286278,-1.60236639713213
-1.26582755028324,-0.716179166366505
-0.626638236842626,-0.786337417546308
-0.555457202804507,-0.27999631781212
1.86930224428673,-2.06505997573705
-0.633602151069682,-1.3937464579344099
4.26013216547346,0.6219853903474151
0.132646800273975,-0.34617115601406895
-0.9405349541820891,-0.9689375943248529
-1.76464200745592,-0.35195387484650004
10.7402560967374,2.4085975022265
4.530171466386901,0.663687461840466
1.09283955172996,-0.0716796315965069
-0.200353444544283,0.118398144710665
-0.26128017126867803,-0.502197453750019
0.0823194752516596,-1.25844894042728
8.73697733128532,1.94623035793111
-0.46116206974199,-0.35647517981848204
-0.42486158615749603,-0.542931614320271
5.43306804453915,1.31678167762717
-0.19603562381646,-1.09337577975429
4.78254007330104,0.7609245607528929
-0.275977941474324,-1.16146312122049
0.669620209770192,0.32851601522107104
1.6937382901541698,0.23612993430884197
0.663402814040093,0.0390408419842472
8.37784052027091,1.95872411048475
0.236868028303349,-0.28487863656193
-0.21955566879955998,-0.534447715230837
0.546462562191758,0.435832439368022
0.29567721413349896,0.140500658183901
0.218714913579315,-0.889591670785097
0.570197752770636,0.131086241250267
8.54487193125677,1.8681501601488701
6.06723007254822,1.15647974762229
-0.781261922189578,-1.00438734554707
5.0855699704108295,0.9128782612485649
0.6751829691095871,-2.2414019048051603
0.19509246197307104,0.108696228813696
-0.264952651782533,-0.931266247869593
-0.6746313351508709,-0.44604728601125204
0.8081250817748441,-1.80902706919429
-0.292508480380033,0.0589230226728447
-0.493420289044175,-0.576876242627109
0.966875352495953,-0.7325761981786509
-0.8599082828127199,-0.23470923000003602
0.162452118751911,-0.0696756792298766
4.98654342444534,1.16761361055467
5.76904344918866,1.1455187198551298
0.5718828839413129,-1.5011786083222902
-0.23803836585942997,-0.6532434931230501
-1.05022246132367,-0.20637678118103894
0.671048299908954,-0.584408485086797
0.20504132246392998,0.459009046302394
4.12580934350152,0.747011286293705
4.08291656330704,0.715224860429083
-0.3874867178882311,-0.0906302709118117
-0.0869667029053823,-0.243447751995665
6.477021868281111,1.32532220312781
0.49021576819759205,0.14653602921763
6.693329853580001,1.82774788390367
-0.22823165313340998,-0.583789255332263
4.66313617162096,0.832526949606662
5.579340930398249,1.1092372870719198
-0.655474873297451,0.147225051810532
0.523716361117241,-0.22924474235008502
0.29282918122037604,-0.15566396460798498
0.0715690414604866,-1.82108258437359
-0.0400258699429818,-0.9188253345125091
-0.47252138867970794,-0.44842448803701507
-1.09301221292639,-1.3129186529513102
0.7866370124242109,0.28611635915551803
1.31009990268676,0.43783889889528604
7.85162498020282,1.8415047942463898
6.391855062242731,1.1055339071211299
0.376939413923835,-1.3468949822151202
-0.203042287303613,-0.30224603248313897
6.58314141035396,1.48516958161488
0.608155214506063,-0.794698379211838
0.7060510315314341,-0.982606987904895
5.60220860320295,0.8743079013723292
6.6459644858707305,1.2418399265698101
-0.54963508922045,-0.858976231163328
0.9228649490681851,0.25969272131116605
-0.789658819727997,-0.938364745612029
0.5328160460675179,-0.594596855620731
0.238714933670901,-0.873391810544018
0.772476015245054,-1.4960917489296601
-0.422862566314324,-0.0380366659092288
0.21019685901407997,0.273513604808453
0.33132430684133,-0.0246476858971768
7.967872383644449,1.796063781527
4.8528575429668095,0.592880399148786
0.17371705263225,-0.427632436370239
0.832152018732218,-0.24868547537907398
0.0214011523557512,-0.41794771919277207
-0.28477314211623805,-0.29622086545946097
8.17752844629606,1.63428193436747
1.0008429861018802,-0.015822816377735
-1.3102578825325,-0.35079433723428005
4.40084791496252,0.515120220500925
1.2123704317443798,-1.6225883174957099
5.88944550900721,1.21473014377524
8.77341766677948,1.79036121303292
0.455332253671106,-1.5954541629707
5.12718131485337,0.995994014194124
0.47909644658189093,-0.14392346362010502
-1.0767591787189001,-0.288997598526688
-0.332396320341044,-0.0337150284072169
0.130908967529673,-0.8780058976392751
7.05430755847371,1.31029758832997
0.699472942097773,-0.342034444836635
0.46114671607731395,-1.85945744858126
0.16467556826920599,-0.961573794928125
0.218500253672221,-0.578666758420859
0.692784504309188,-0.789720870480943
-0.0902110839638913,-1.30652485523967
5.19977775395158,0.854112414208442
0.265357443414818,0.413832083950034
2.07632908674942,-1.8133532539964399
7.837973381570441,1.7681710224789
0.065875449559381,-0.865314996104032
0.8246020550724742,0.4541506188768979
7.75874725599838,1.64997304273822
0.677784334760081,-1.59415430971663
4.449752097474059,0.8144974555826591
-0.695356561250605,-0.0125884176398879
4.984480563857121,0.8409646389681942
0.8933509116625992,-0.44065612612417204
-0.700374215426707,-0.30718976579391
5.1744839241944804,1.13574112337054
5.998900002366001,1.32289780428138
-0.380946209694698,-0.7334093628210351
-1.1821460609164198,-0.6814445941048279
-0.456862663754322,-0.8443641520423409
-0.0969708035122947,-0.44611484262889506
0.12811061854571,0.34918559390481
0.2879795829057,-0.47454338633198606
0.32614541917478,-1.02562424713906
1.8380911667239899,0.25951382044980104
4.80509957243024,0.505026326616984
-0.7132252772704609,-0.333544677739459
-1.1315001319226201,-0.8845502051028359
8.000204872725769,1.7150105937509
-0.486344808299885,-0.83073021636065
-0.127155507937612,-0.821306320394868
4.5951546721729,1.03415895185841
6.102586334958071,0.889432082281373
-0.327397498648303,0.0364060680941987
0.224613445615683,0.0334912383867948
0.189576911845026,-0.89908007303464
0.575155407105079,-1.8477489255378898
0.799139311032328,0.0845316446441107
4.3753796121463004,0.684801935982016
-1.31525882295619,-0.437507612972365
0.8312960046321981,-0.566478939127947
0.31365834976081,0.0624238486927052
8.25240543197504,1.67214368259828
-0.851001824926054,-0.8364734386372541
5.49980041693177,1.11199948763992
3.6768075474840898,0.606856811010586
0.9624006389126091,-1.75546042752072
8.7377240769075,1.50514730883803
0.320242011605425,-0.21082359284662802
-0.11395148845494502,-0.0735308609715973
4.8607872085917005,1.07895817024186
0.12585504264723502,-0.0689171622711133
10.246933760209199,2.36270675520915
0.9282227736417951,0.297491177590359
-0.42718415337428794,-0.565531436681897
5.588561728509291,1.17315082087649
-0.823392698437954,0.00633678869897206
7.22872595922667,1.286737744047
5.32214585605257,0.722901253183465
0.7840618853842901,-0.0235686881136232
3.37832795282305,-2.2822569133218
5.776721640168231,0.8691567878866769
-1.52120805089876,-0.699419524454131
6.934927143349791,1.00411029934656
4.65897827324571,0.608375164864688
1.53918539976181,-0.0227005621346012
1.5474047510887,0.19475560537956302
-1.08738448224952,-0.45649318058095895
1.17596074200156,0.107474654755118
-0.503390982637013,0.239645053325485
-1.11551871872929,-1.04321921089061
5.591004926588041,0.792994054599462
1.6944856291975803,0.44289883491638704
9.85713785999356,2.23087917058994
-0.268563788560631,-1.5169428667675702
4.77522334483246,1.02100420181761
4.52533275893277,0.5586585345079951
1.1327955917003,-0.00933703909370001
0.0954864074305672,0.333321472692145
6.83801125404256,1.55916136416113
-1.3112093699284,0.11372657720460301
-0.7725121963892231,0.0964933768918722
5.14259920179976,0.549908319139647
0.8862010259208221,0.403286229197904
0.559965762966995,-0.6246019372878739
-0.526289546588753,-0.0202371854652311
1.5282136926764398,0.3950851944728279
8.99581037774992,1.8478102977435902
0.704019505608183,0.0560344411011111
0.5586695052187529,-0.42876515927850395
1.8244053608111,0.2242466450578
5.65565929407303,0.9246776822235719
5.315675610381139,0.848975010751393
-0.229387524725483,-0.703899167021112
-0.983819664860104,-0.5967586725091271
-0.0832844331444833,-0.567067552225826
1.8394762929968602,0.499244595663401
-0.0666917436807527,-0.9935877680056571
0.23835642818967898,-0.36331486335742896
0.37428073107928,0.102921344748016
4.99900042417935,0.552096109056611
-0.995187566207583,0.16109322518494398
0.9723769611958041,-0.7172601788188571
6.41256617736755,1.39093003758657
-0.14857240230919597,-0.451747110247445
-0.9091109121426021,-1.7261732319881897
0.8846225072717478,-1.2451375903311999
4.610135010257809,0.7873591182097851
0.7662206814699221,-0.936829212533565
0.956766793478683,-1.90861792220415
1.0558746126813001,0.10165223955720801
6.712015373877669,1.6356180011129702
0.589907382125204,0.427638224556888
0.49988235160427,-0.581342935501975
0.476272011704512,-0.9676251322962719
4.13498460749771,0.8455886934842959
-0.723957209903529,-0.0690890330130358
6.088391273395259,1.09943675475969
-0.3902677967443521,-1.2313307656111
-1.5286659301879901,-0.14529125250115502
-1.3081339065398,-0.7184732968091581
5.21399306954303,0.7696422099501371
-0.593208024515812,-0.7968075098427572
3.6533961142806,0.7075068834911071
-0.15832790744123498,-0.11239006996232198
6.01261837927883,1.16737952151332
5.12239860950187,0.7221241886265491
5.5131928620733,1.25574773532071
0.426819796901381,-0.256966932983532
0.685364499012942,-0.0516969313113834
-0.480057604045759,-0.594762853007201
-0.40871846924559,-1.4780492533296699
5.63721948380109,1.04436245631104
1.45893937197679,0.39067430250095597
6.234879190070469,1.22612458828641
0.5958675618292321,0.13260504347761598
0.514188957450535,0.452458602026755
0.352982420847009,0.47583147154122596
-0.113997654133563,-1.6513259530394298
0.367436293669643,-0.382330289139182
-1.30313170432018,-0.467392763036775
4.77192626641435,0.943487688679075
0.36844224284993105,-1.2149763089503
0.512900273498528,-0.24040637361824
0.157070468730942,0.244640046503357
0.530027300821113,-1.8467706655781
-0.8780035950545729,-0.5944186816878689
-1.26463894815777,-0.8033775624145558
-0.572556497949229,-0.654777152306266
7.315327414757499,1.54643494032554
6.1669395130452,1.18502297739477
0.871543095073504,0.32259214597297103
3.7207970091051,0.7254196649004631
0.300748088675688,0.458908680583785
-0.755281742439874,-0.643751662210215
0.435162072534151,-0.153935886773019
0.794341509483131,-0.371464259144686
-0.670399719017166,-0.6511845960387901
-0.286343767704993,-0.29982180760896
-1.43217584222682,-1.6194068631421
7.387180948046219,1.4611487637643998
0.000943889268432252,-0.141061161149905
2.2076923511912403,-1.74101731197323
5.15614814272367,0.7177503395096371
0.27610679702132596,-0.44424741119512
-0.540619378552646,-0.640796490187708
5.60259434765262,0.8911446450723269
0.9643439611830601,0.396768137881005
0.10802184140188198,-0.64303422149775
4.41670844316309,0.5906503328282711
1.71655882064661,0.367671365277341
7.449215080926121,1.6382137253693403
-1.25745211959472,-0.35505045986627004
0.0872359592750457,-1.20537749115968
5.6039739831532405,0.68363953122925
0.6211219149403729,0.39906480519987897
5.182982629898519,1.19465182844715
0.0352405489878914,-0.377542093858387
5.31841546095463,0.9573780658303059
0.37735544661726,-1.39479102263448
-0.114947880636837,0.305255402451389
0.447485043443702,0.41822194669998
-0.25869925302540697,-0.960719958291649
5.48886425636979,1.1281189462413999
0.23907534095137398,-0.61092899222746
1.8599383263446998,0.48305913031324
3.32781041958826,-1.9568347178493402
10.1201199829506,2.4492124887925097
1.18548780207274,-0.12632725456587401
5.681922299281731,0.83811847056648
4.796441600709981,0.8611318724977169
0.8192464864272009,-0.8488732726696301
8.43567321013551,1.65373349837947
8.19165241479349,1.62846716797368
1.11211411373075,0.266409617381702
6.246818620965099,1.50565161860329
0.188205561065675,0.295960793277926
8.26942244285106,1.6376785680423103
12.0438821330289,2.61302006970116
5.38248381511617,0.882790754777264
-0.21849858885637,0.23643242017737198
-1.03751650483531,-0.22129971463611997
0.22452590528900399,-0.8353316062168249
0.230520744943935,-1.1889158827838602
-0.0797635043329879,-0.399411568810125
1.2795581430665401,-0.0782644301464988
-0.287321854772882,-0.390945639348747
0.29411814240112605,-0.633625230719951
0.6496310183433011,0.0610154634939538
0.295084748160814,-1.02676412714022
-0.216808450021762,-0.928755114279628
0.3803644921804021,-0.468546445262305
-0.885899829076373,0.0725334371528212
-0.9340136554744559,-0.530657660892982
6.37276640039755,0.666839300105147
-0.893704271146435,-0.289459704661749
-0.32964783026802896,-0.443841238346986
0.491709958456118,-0.663743141576223
1.40951825619327,0.011872916381978998
5.450996579367981,0.699735305479141
0.460189826988758,-1.49101736779382
0.9381946267718101,0.38936345450205495
8.861666580235509,1.81128830480675
7.1577387171547695,1.42943981561269
0.598062009384563,-0.62006136445513
0.205478233637697,-0.6858795162808751
8.573708007908111,1.7504948348315201
6.2529749543058095,0.892297501779305
-1.19202050101618,-0.589071474952856
-0.0608404642804493,-1.23148219899498
0.216300240118534,-0.38539707581299604
-0.195542180658465,-1.11365900330291
0.376006405088752,0.0391007363265818
7.57516839643296,1.41569059653424
9.70881706884467,2.56936235157398
14.537163953860302,3.17418674511858
-0.43420546722903497,0.25987936988419497
5.657509018984981,0.8089637627208051
0.593833117306401,-1.0250160534474901
0.5718918107019539,-0.28131200707698
1.31033348502852,-1.41815775220846
-0.0384714467262693,-1.24235554816921
3.87429521401268,0.576647484342507
-1.0880050736918199,0.0174528374858396
0.11992057869274199,0.0714747388549521
-0.29114156188578,-1.01866709632299
5.95585959103964,1.05832848242668
0.434986867481389,-0.8528750146201949
1.00490801531254,0.318865159624375
4.09152020674878,0.632058851080158
0.160213111599958,-1.68689311999327
0.710051677764965,0.24380581926756698
1.1120848475042802,-0.139495740422391
5.54298814058286,1.19367943211421
10.208353027260099,2.37541040782296
-0.21031356718395602,-1.77689127277641
0.503978657089385,0.37414598707113794
0.326771091518593,-0.480376236438866
0.302571502259899,0.480541177647823
7.92350003928559,1.6562947885535602
0.42236852330559405,-1.2857379452431001
3.1205868597489603,0.390806605715292
4.96015243358106,0.6147690075147221
-0.7780506301158521,-0.354696875584661
5.61602582587275,1.1137068106016201
8.43319880142519,1.85240974569807
5.1153533637183894,0.9924132428826559
0.576652561934813,-1.65248165107728
6.69840309972761,1.16502683902767
0.188966423223067,0.288535382812239
0.511376022768324,0.24164384734957103
5.19340565837689,0.84109855155342
0.024947934157910998,-1.31784843140839
6.26200585426967,1.1939166892332902
-0.142855329825719,0.0261952473989949
3.8195277135724197,0.701739870228814
0.5232357799251649,0.136450245162277
0.329633644214069,0.249238084707463
-0.0666071713601079,-0.970100614379562
5.12088709882579,0.673518960470668
-1.2925087791061203,0.43293336850870506
-0.58685807035741,0.26263750281743
5.17115643208893,0.6579242619450171
0.6906626454551991,-1.26512889754843
-0.570713333287464,-0.639131781140099
-0.0399553809149677,-1.18211600581477
4.35184317969218,0.9240231875399859
9.010619519720949,1.98956961792527
1.20759101901402,-0.0821555007138881
7.49223777812466,1.66322200943885
-0.329218719887106,-0.5499516879274029
0.304442730242603,-0.440610916470451
-0.766520828753136,-0.526693127104234
1.12017097695533,-2.11179235320761
-0.699297915613803,-0.450352568374585
0.0648185143965086,-0.8727756489509599
0.7079724536004721,-1.53563880058628
-1.0223467295848399,-1.3940807357508898
-0.448087412909421,-1.3481304023277598
6.9265805008548895,1.28692833329751
-0.544773682315937,-0.504808236434079
6.63412508690459,1.21429620278557
1.37384057420353,-0.446238218889028
-1.3229861333535,-0.699214809152954
-0.45652261750027,-1.40542073306012
8.264052672981139,1.4703913930012598
4.67521666439534,0.6376272222656021
0.9955555950589241,-1.18991556658348
0.732896087643963,-0.0650419650178035
0.605120542776137,-0.305126233168887
1.29649867787034,0.16902677421830598
4.04703994620639,0.508971216621511
-1.0883192655455,0.0722906844212528
-1.2699801803712298,-0.133235612186242
0.15590838311028501,-0.581011062711819
-0.622925307344497,-1.35949613836322
-0.18563757470028303,-1.20020274124084
0.35268716080637796,-0.4902698456068879
0.533058205310694,-0.357383405153397
0.301382744009567,-0.0629112316994472
4.22758113774185,0.811947531757624
-1.1229418972137,-0.353436890225573
0.22782310395986496,0.16612925648807902
0.0178852122445585,-1.95866739037011
0.147741720523923,-2.07935758279447
-0.943034662928408,-0.229342287242887
9.327348881794132,2.0977649588731597
0.818187288401528,-1.48218911965123
4.17973943853225,0.5774199780688299
0.218804363633053,-1.68804857586479
-0.0583080639662091,0.0976490699092971
4.59048770175403,0.74297916262842
0.0653350076917079,-0.8197402262133772
-0.401335350429161,-0.000422802466490043
-0.350052228429633,-0.46723000477998905
-1.32311583715106,0.0878542065949752
0.6865441184363599,-0.320649521335279
5.24502451707807,0.583514842216555
6.023537315378389,0.8801449892020211
0.44518061856013,-0.0739616916382656
0.28540321604054,-0.0162113011525186
0.633510630931174,-1.6857785694570901
1.7599335958884998,-1.9438953057407902
0.8066319024633359,-2.44813401499633
0.283400370612123,0.47519452224602704
6.17297749452335,1.06445074680413
-0.625527458115991,-0.540282891636493
0.42845238234410293,-0.6943387378449829
5.0977032069337405,0.874459767687604
3.56671269489295,-2.83880447072061
0.0600943396066431,0.114069365421272
4.73151041509921,0.7733543690893491
0.894900224087917,-0.42050339491678296
4.2770804104660805,0.666670344728063
-1.4214443574368998,-0.6116352801347571
-0.983477836738563,-0.8394300731665151
-1.38255358479029,-0.0837783616364633
1.1537064058820101,0.166233497296068
-0.59962302267913,-0.3510310451202381
-1.08424105037575,0.25732585834503896
5.606570700016721,1.20633250892056
2.12789154623926,-2.27438816241481
0.0203376685248815,0.0374097696388635
0.5652016613403771,0.33670264849119497
6.46002219524202,1.37452571560923
-0.343835306746526,-1.0670977496824101
0.219106917397913,-0.8124255611572321
0.158845031897514,-0.0948764075148227
9.8658206540557,2.09009774433625
9.191443245702631,2.1329931301002603
5.06460103542456,1.01446303700984
6.93155796103143,1.22335545860052
5.2260911988677,1.16778806383968
5.02266869587522,0.7410241276331121
0.32297500463290196,-0.53776547604277
-0.0858944201222304,-0.584773900728054
1.1833507716161498,-1.64468033407132
-0.6928586083668171,-0.111631137805473
5.85455143928471,1.09294275579907
-0.217252783582883,-0.13609646591951502
-0.0136727007883092,-0.23104591302758198
-0.528149466805148,0.334466233516654
0.443777066787081,-0.077955388690592
9.534666904380051,2.13728791007919
-0.7456320251138109,-1.5053650292710599
2.28572754845738,-1.87715815633507
-1.4669595958261499,-1.2335703686
-0.802915348299669,-0.3690659347335061
0.119409805739396,-1.41795217190653
0.492308823372224,0.355839686842486
11.611865792097198,2.69071637057071
4.98801034766543,0.780182168872489
0.0020280688458868,0.490829480417162
-0.7540350877488871,0.0178696422819598
1.21417495967276,-0.14487734141077602
5.63254414553579,1.44109737111957
-0.0494409234243558,-1.19308062210811
-0.674545766347633,0.00353925990713655
3.85395317181954,0.515304663092673
5.6965208800159,0.656491217364511
0.0543227666898657,0.0604200724929516
-1.37546617275204,-0.492983216247311
-1.1666404343154,-0.965328976135121
1.29225419993518,-1.58934995370357
-1.5872460480098602,-0.8540430960408599
6.748240564642921,1.35575373391268
1.39688617905775,0.323815132043913
0.8256018496221079,-0.14950788953077102
4.713898938492849,0.8769846529586741
1.8950231265312498,-1.64059265610943
6.91495772703683,1.34370862619937
0.9036188634377909,0.26395959575815303
-1.47903773513026,-1.18766282431571
-2.4155904135156203,-0.561667941282924
7.5124686715477695,1.49613066040223
0.760764097924431,-0.22546229725332997
6.572741506761741,1.07972596172349
6.44277286291716,1.5523775017998
1.08444559945516,-1.8324578874971797
0.29081274295501097,-0.414370012996011
5.12729443261384,0.848775283264004
5.3255225575017695,0.904324717664157
6.283033752171639,1.2715491063093403
1.7118539657303602,0.48811126509488106
0.007376249853712191,-0.6659221124149151
-0.6733801406909878,-1.1493654858187101
-1.25839234922299,-0.5684271766183571
1.4153142991024,-0.298382900895337
0.5839579263233771,-1.27719283028053
1.0892886957034,0.3988872873461571
-0.6704871492277471,-0.541153641357515
0.0164159905039803,0.319447210314053
-0.0735019222508784,-0.262264571291258
0.14287932215139298,-0.0120210444094603
0.48373376038985794,-0.12606454624312402
6.845517031775941,1.3488981951977301
0.464136154574617,-0.261510706492969
-0.600926411960766,-0.29470363693379803
0.12652383734987702,-1.87325058775031
0.11272303212715899,-0.39735552297345705
4.89703820849952,1.02385747460584
1.61571963507792,0.404328987691497
1.56054809652837,0.38854968256845296
-1.22604641334368,-0.515654390707371
6.478644492947849,1.21696965522393
0.201177630926643,-0.240750595630254
0.612924929186213,0.0841870912575268
5.542029874784499,1.22860162426397
-0.626346587757836,-0.764330124294457
5.42363891187343,0.6816177095876519
-1.0382355333229,-0.436547257633807
-0.114091600894479,-0.46589587979095104
0.8133652442322241,-0.9429379060617941
0.9716633687933509,0.484924185419851
7.198456628529919,1.1718256951789698
0.0268581664389469,-1.09592020511737
-1.35509123214517,-0.3895936054239029
1.12294722589459,0.18165804477865902
0.390187924740488,-1.05177175155094
0.26184724964251,-0.545113529212739
0.682852087054735,-0.043296014259524
0.436027651639107,-1.1245269663603301
-1.989881553682,0.0990928610477089
5.47814497057204,1.4631426905169698
0.253420072379388,-0.0363960815579899
5.9467052497634505,1.1194991527471398
0.365598029159981,-0.338735582367426
9.27696583318022,1.94696587400176
0.208221068892686,-0.289359164798012
-0.31878625135189803,-0.626435570607345
4.16033773333045,0.525616284494697
-0.0388478437852847,-0.542492572263425
1.07157806863091,-0.6052082622095539
-0.168204407027026,-1.3524943733238899
-0.0227332585945379,0.108298377957532
-0.315786824036405,-0.10018468704185499
-1.59856319364952,-0.341232700459094
-0.417967898048937,0.0525384649384522
-0.0862511051583067,-0.122635647848804
-0.6251859039481551,-0.17623755279428602
0.584763356546115,-1.01486187431556
5.71753089777424,1.2356149524005402
1.4975775446234398,0.255151428436542
4.10930568081663,0.5503499503389
5.27038563974276,0.8898687177703629
0.7331484966523569,-1.5099718457051299
9.107331593606789,1.86424718138775
5.97923660165731,1.06413797092983
7.506854567033749,1.39699994187868
6.366593541756361,0.9453513236004899
-0.392069380405439,0.265890886646348
0.0435445873183685,-1.1753579710062498
-0.8329552265282059,-0.0810363578237098
0.396675307628735,-0.7678417255865849
1.24196027356182,-0.538549170384674
1.37377126317069,0.360285824824776
5.73177286903376,1.05144224122904
-0.0273511487235371,-0.10196485616338101
0.79383693570745,-1.11711452528351
10.1064326230019,2.3481160464604702
0.9084742328644351,-0.8176867377907379
0.47383769524858793,-0.216160647436254
0.12988091432333698,-0.11636478016249001
5.511741247441799,1.0220231994770599
4.12585724776375,0.713529681677954
0.0140258102721416,-0.24437343440463502
-0.6508833863249971,-0.863601842524213
-0.5644432482135461,-0.23280048234833103
0.5446494672802179,0.239398179742295
-0.490442739153935,0.46675870900846994
0.142926486201374,-1.13781407091996
1.1557044171313702,-0.9997650626135799
5.8149103735287,0.797139956554859
-1.12599448417816,0.0335447814323937
0.7471762269296659,0.0293142607522021
-0.631437850659616,-0.0447528289666158
0.462713830946384,-0.145562071666862
-0.685269569113352,-0.272678148644716
7.42450553695416,1.67945834585714
1.06724073223584,-0.559089641693698
0.909768518817077,-1.1954751385151101
-0.634703240229594,-0.6638106508321271
5.80087422560804,1.4690696864607298
0.0266061800296122,-0.307951106733254
0.0811068305801276,-0.441618557255613
-0.7568730661410409,-0.429673550996959
7.259739074978441,1.01570322041536
6.5458717264406,1.49909001048141
0.7577973152567329,-0.552507211608962
0.905219138285057,-1.56951235421156
6.8863575780555095,1.3286474966573898
0.792776072812008,-0.22894510587454897
0.20812910861288897,-0.21160860124630398
0.617053566677217,-0.059711075721859
0.187032413540624,-0.798012480668575
0.437490716652118,-1.58625500674555
-0.187172800835447,-0.5032391329114481
4.07106620605835,0.6831689279941359
0.525902683853949,-0.5826480904283161
0.682255664138159,-1.0592020394359598
0.947363729926552,-0.24106082433546397
-0.476243891641285,-0.34515716882570097
-0.0606492395316232,0.0629558586960515
12.758827652459098,2.85348530096488
-0.44554071338286,-0.502517338616128
0.441101611891019,0.41708739402443895
-0.49735969897005106,-0.20850615288624302
1.27736161340242,-0.434323719678654
-0.9161064848328209,0.11126949368153802
5.34947790345629,0.968344483231702
-1.58342671304041,-0.691795231318421
-0.144275007373659,-1.4928595391995
6.08081130831712,1.10201251181219
6.490880297279871,1.30762236025457
1.11753793389319,0.46890575560256303
-0.14786164610827401,-1.43849439757352
-0.0949835009828945,0.495860277109656
0.850871241667275,0.30399260902907105
2.34952764181613,0.428415170862119
7.046257894519321,1.5609838181023201
0.5615507691311049,0.0881240140919164
5.674835647602,1.1248484580387499
0.0942560372067101,0.13138301066267802
5.20967328701897,0.5640530076601121
1.8325542289631997,-1.6782396385827199
8.621866155014029,1.90054266988982
4.76691575086897,0.84883504111749
0.370771498506815,-0.8199792364294559
3.62924385694125,0.818277962442584
0.48909498813740604,0.37244605979035494
0.14806829070931601,0.37098822940676796
5.23267676383879,1.0576665069143598
5.19784065464013,0.5556206369156321
2.46714341405965,0.319308656427225
1.8436341043687001,-1.78280300519471
-0.431782997534514,-1.4584967360312802
-0.37546913311677893,0.42260087455558204
-0.280194214141611,-0.438094593434911
9.91142490163551,2.33032167829949
-1.3002481088851299,-0.760368915392603
0.244402820984105,-0.487910742787748
-1.5323443126920602,-0.831530623175977
-0.44489309586017295,-0.504220930456075
10.119983542176,2.30365435429312
5.661739497458991,1.15470919080926
-1.1779777049031002,-0.278075442640627
3.88435215767873,0.517582142418477
5.789155409236491,0.9701016794324109
-0.132755041882053,0.271359153216224
-0.192183456282712,-0.22599275016333498
1.00718853230445,0.14179102523330803
-0.527597213183999,-2.10012977065366
7.07614743682218,1.73817426876745
8.04419105377688,1.52467258054377
-0.883197829322729,-0.624041301312384
4.81267807729318,0.7632984063936441
6.669105677353669,1.3942762910325102
1.36679445822855,0.11761782279993599
-1.97775341924614,-0.258734438610955
-0.190914541437797,-0.522262391175037
-0.431308303275221,-0.645920491994491
6.15084027532776,1.03884901768413
-0.13207872445809,-0.49258053827289094
1.35739823521615,0.358977830909447
0.659786732674228,0.16681379853763098
-0.6508091999324829,-0.7008185717513199
-0.0489803046016777,-0.889089882370467
0.8775323651074279,-0.7336474276519941
7.59974590072865,1.8881163644785401
-1.09713557349781,-1.05560414864713
0.761776406999229,0.49517310826749295
0.825878265648782,-0.7484974829686291
-0.8203817433571658,-0.0442039972520874
-0.19375979481433897,-1.24802623771108
8.28546999391289,1.8594680190006998
4.54208546574446,1.01319226172932
5.29887651029071,0.9943372116672661
-0.5302046214975851,-1.12798602223184
-1.11794385384657,-0.959593859748078
0.0326636632806512,0.49230727652575607
0.23074754643107395,-0.36827925928665006
0.344191490407262,-1.01280041923952
0.27902700083390897,0.33499516691075204
4.330221698251971,1.31657496753783
0.544353591525978,0.31787478612562203
5.00639409622691,0.927897870206553
0.903243263533905,-0.6826926551781021
-0.6579795784488129,-1.7458003055960603
-0.545073382953136,-0.339157997155926
1.05181955033951,-0.599786057789719
6.13169013183305,1.54908476407048
-0.6079273706215971,-1.51650916740576
-0.491263245441326,0.40054789674485297
2.84693956657579,-3.0242476983140896
0.0644009134844578,-0.757293249410894
0.328108544736643,0.177357680641695
6.64861205274299,1.3316636906567
1.88475872935898,-2.3329706373677004
5.49838783086423,0.7357593743445359
5.884701145780141,0.8652207970144921
-0.7326922977947041,-1.5548505013323601
-0.6890777480365899,-0.235369783167062
0.259272310635172,0.22345570865351602
4.31310446437738,1.0917863505985999
-0.0628872343923208,0.301312599031343
0.994830850148247,-0.115113509541422
0.89335532197294,-0.0523318057082493
4.2774734930650595,0.601584470380588
7.39614834592196,1.55685942863547
-0.283983627503347,-1.53195057292875
10.411651170448,2.3332495359289
0.0229295669667946,-0.978921238659239
-1.81744055702361,-0.9505762445384219
4.43258395865759,0.595980577187475
0.0900233257469736,-1.02092657182491
0.552091042283136,-1.4024685129240702
-0.578223431546375,-0.7306545232899829
4.68988765526021,-3.17342474352489
0.0356067824334764,0.294261166366533
-0.3240091506537,0.245051472356294
-0.56630754135913,-1.05885036676843
0.0759526571243761,0.0475217260003337
1.74703235876113,0.17311142781099598
-0.231110680550405,-0.9589060749992059
1.49736686854784,0.0866261203279096
0.225086547886816,0.420528100896516
0.5937187533222621,-1.42789198389777
0.7093202915773059,-1.3720609673747501
-0.128180478145309,-0.487913352132421
4.36877988103122,1.07801897371074
0.503103330526504,-0.7390274533904021
5.74338132410151,0.7030639076941391
0.5475592583196811,0.326094987471332
10.368050128683,2.54217177553292
-0.274678123173958,-0.165517850294876
-0.49148316618241494,-0.12722988056356502
6.39551325052807,1.35249553094377
1.68306826609372,0.418117837559472
0.4057702024986529,-1.3171692074845802
-0.881617491355693,-0.595252481685745
0.351344696857005,-1.6207223682347198
1.6138731068845,0.34203408904956395
0.44245208913046397,-0.666568876127822
-0.10143404159356699,-0.249712624018825
4.12651720980203,0.8331674931923572
4.32572918362367,1.11724734194048
4.2162480921746806,0.6905199445554251
1.82239688451052,-0.18796936162948802
-1.76884403827993,0.386986060035738
-0.881363474885217,-0.6732243726891801
-0.34217704642992797,-1.12452582913122
-0.312598073279467,-0.606785327255719
-1.68922873591979,-1.09850750875349
1.35650128128234,-0.406903000037331
-0.17781452954906102,0.0803520456717201
-0.0178849413459261,-0.543575820357556
-0.0290988109983576,-1.0204389572841601
0.456260555877029,-0.740575973425621
5.1880744788774,0.812163734917832
0.27866746002269,-0.00207641586766271
0.15970840078786802,-0.101413396476091
0.620714739513098,-0.730173220929289
4.32802609338012,0.7985639482709399
0.20122407041479104,-0.199663709208071
8.64798119951854,2.01974145458458
5.74670353858425,0.9732702886636742
0.10657424521618301,-0.42370989367272494
6.71504847894979,1.5408149808709801
0.882893700665784,0.059825379666527
-0.764572599064527,-0.508285662397054
0.244057121766231,-0.466386256285576
-0.663758439454014,-0.440024093173576
6.673736007865631,1.00771944243749
0.9991124849268141,0.180517292107055
1.72501312836543,-2.0970775334293403
0.227348166647561,-0.5394124950032501
1.2142327769107,-0.6528526390919169
-0.354128037352975,-1.7241167568072
-1.07629040551922,-0.42966611269457
1.7561284546098799,-2.4220873072805498
1.01234057227578,-0.8058012405860241
6.3014977467417195,0.815047067408854
4.9956133003435195,1.12186391904022
5.6981440836891695,1.19466135842577
-0.049452831584118,-0.830409626666652
0.45235925451661496,0.153464179554629
1.6489086664405102,-1.4580254206127399
2.49913747815881,-1.90580688391545
2.09567635053647,-2.54168690621317
0.0410456778504159,-0.85030157292183
6.44514743564171,1.65304539873687
5.73803039174981,0.9731016500797149
-1.24413257121498,-1.0327384328225
0.104192809001054,-0.022701570250598997
-2.51159661149572,-0.29725455951932395
0.457790394492081,-0.28469707585015397
3.26583706438783,0.526169039496728
-0.35846967696259996,-0.38654720662175895
-0.49035532225912,-0.604197249369762
-0.0965469951641684,-0.0836678901386009
-0.0671783954463531,-0.0339273830307213
-0.14915653198052403,-0.6316483872471221
5.03135603499459,1.05893653685523
-0.367112900084957,0.328717501058126
1.1421574978206201,-0.0470510110562396
0.418125568523567,-1.4783616541305602
-0.096245299307413,-1.24977980949275
5.41668046072448,1.0411428275659
-0.339067487360022,0.0903664182556083
5.73671274812263,0.9626180557656241
0.501972995372571,-0.628824984116603
4.59085889625162,0.8447273625899141
11.613880464116699,2.39673005507415
-1.15512669967988,-1.0606859657185699
-0.237753214133415,-1.16513573589938
4.81557364811916,0.7436817344225849
0.222837961885898,-1.42380720188649
-0.894536396440987,-0.225181005843
0.31689617057930497,-1.2620442553680802
5.254307846102599,0.7686002722755941
5.5854296967684505,0.609186106180144
4.84471527159973,1.52519889664303
1.45698843752298,-2.3205728392497402
-1.1706263252571,-0.9421407044883141
4.443213813412731,1.04330846807115
9.39360960190726,2.2380965650699
0.700617317931995,0.311251233312892
-0.363830907430073,0.16131077037400898
1.00308442277024,-0.871850543936055
0.28262729101031603,0.138304144068348
4.71983648923421,0.695966633701107
5.61823754508513,1.31358307474124
-0.24468665354772,0.0889035715810313
1.31283040612798,0.487352536603774
-0.941594543728539,-0.8383534895696669
11.7180241253349,2.46046793654221
0.56681704153588,0.271722856031733
1.6242671867545,0.0993597273831748
6.208284709864,1.08211825361957
4.77782176701191,0.7636429408013751
0.715697564064102,-0.12049191853356
5.62365508071851,0.97824764822165
-0.663820290540753,-0.231688448914938
7.12616811144786,1.63679079729379
4.55059563363025,0.7445646452438041
6.87528899170154,1.68904573966963
0.830343329772937,0.423652240248318
4.56628789605792,0.8120928171285279
-0.6097076946939389,0.0315086105467575
-1.7595064510685199,-0.27708937664627803
6.980144215514491,0.7371991425895241
-0.95996892396682,-1.2077009463613402
5.14265881681788,0.7217342828189192
1.51967333532421,-1.9111221402623302
-0.7417716667357621,-0.4494786251366579
7.59444842232021,1.8737601170637102
-0.39852891942709007,0.41184480347560704
0.23962609076315697,-0.6529120288573249
-1.2978932982723101,-0.8190348772111259
-0.0837548997014959,-1.97132023322737
6.422983006581861,1.0998586637811498
0.209824843933834,-1.0959288510987601
-1.10501147525898,-0.384444200261729
4.3503438116013,0.616393043709869
-0.36125635278486495,-0.105771607639055
0.462914229298277,-0.40878216671110995
8.12353208405862,1.60451153601846
9.56307357260168,2.0682733319582502
9.69494647958881,2.3693151999664903
0.5041320387234961,-0.257835083261814
0.23166594767797696,-0.5727422950864479
5.33126078809047,0.6917030866095359
0.0655215764799671,-0.9980268605894409
5.40233194533077,0.7104086618391261
0.270405408428446,-0.7444420434453679
-0.4724585922404829,0.17035296784611703
-0.0987915216891364,0.307306004228646
9.198573848544711,1.80345083240408
0.8318552796608589,0.36874817528301596
1.28307596410844,0.31288249374334304
5.633791631968269,0.526573497482391
-0.969298074883987,-0.24104563632533302
3.2679716858488703,0.5353681343315889
-0.49144660992356004,-0.89594893081483
0.0839423036286242,-0.19893325528229103
1.58252584430343,-1.29444602942447
-0.0237367480953327,0.46159587023675397
4.6974869807307105,0.801310039739386
1.40880612234959,-1.44571985931072
0.35136322751602195,-0.0431448194173318
-0.210724967761327,-0.546437895994637
0.87084182673905,-1.8685427954461298
-0.36884157472390994,0.34518896079706496
0.5193717496579721,0.11376168371025
5.30608933355104,0.712170820113605
-1.03460363167536,-0.341405706918506
0.768404878286687,-1.21864608135237
0.6952774629350649,-1.2809762344278
0.322071463482745,-0.282787090344427
-0.26271762517986397,-0.925153317748443
1.5294788771462,-0.8146223686520309
5.37963876110975,1.00786617198497
5.2071098591205995,0.665074390923314
0.5050116109621829,-1.0685230704867699
0.7902259693969391,-1.48936451640858
5.0414198019683605,1.28937319676497
7.107487450646699,0.987827930863454
-0.36430008774651296,0.371143529677424
-0.0687699738662056,-1.00484336777714
-0.857306025528413,-0.5221635500195589
0.45638080329509495,-0.44584522536167503
7.8298900734383405,1.5582808963486698
7.715527520065041,1.69910020663419
-0.19816780901798603,0.0434325361616248
-0.5625529008867629,-0.062464517506553
5.820337955813709,0.9684791342918471
0.879126957008432,-0.134251442682846
0.183481100403913,0.159082422945998
5.01177458309861,0.6879479623864129
6.97514225675282,1.1164555353898602
-0.699935335066006,0.27469233070535
-0.203490032154043,-1.12448427449478
0.589258785903472,-0.7946078734543299
-0.538291344713858,-0.7407024695357071
1.1969680847150101,-0.5257045708611849
0.009407149457738241,0.11884243079209801
-0.156491143599673,-0.6991592103278989
-1.3843335614916799,-1.19305606108503
-0.20556679774805703,0.0915889483408262
-0.984992083114062,-0.721189511207608
5.86735295504357,1.12284639662077
0.11627406580420199,-0.133084306680349
4.020835499278831,0.62213803152019
-0.726526341587269,-0.5014242444074121
-0.221934698168314,-0.700039695972985
7.12786847551305,0.912920750637355
0.47236795200852505,0.18288523256504396
5.65307738601194,1.06724776770643
1.65100861552744,-1.4707270442923301
0.343990828933643,-0.6901276792599781
0.10012212511248499,-0.105101725634025
1.5200745207963702,0.39560216305852897
3.8844110995965,0.7689894535997499
8.03658817451937,1.71244225473893
0.344113358426504,0.0162013720258102
6.73200418831401,1.4725395645497
5.6089907948950195,1.38447036715324
-0.0611318800554443,-0.423600545543054
6.977100518832719,1.05193257898961
2.3423735307967,-2.42334441641971
-0.404625085049684,-0.0404873614946259
0.686585613507286,0.14922728815054198
0.995782798516651,0.46812646574829
0.34706623255225005,-1.89767746808896
0.8846717324599129,0.0621485006445104
0.40311923709037,-1.8824673934689
-1.53194622765653,-0.0999299247910282
6.64970178612858,1.53304761474978
5.98041855689618,0.868034545277137
-1.56391366789528,-0.5512308924385171
